[
  {
    "name": "Java" ,
    "level": "Advanced Skills",
    "frameworks": [
      {
        "name" : "Hibernate",
        "level": "Basic Skills",
        "versions" :  [
          "5"
        ]
      }
    ]
  },
  {
  "name": "C#" ,
  "level": "Advanced Skills",
  "frameworks": [
      {
        "name" : "Unity",
        "level": "Basic Skills",
        "versions" :  [
          "4.0.1"
        ]
      },
	  {
        "name" : "NUnit",
        "level": "Basic Skills",
        "versions" :  [
          "2.6.4"
        ]
      },
	  {
        "name" : "MVVM Light",
        "level": "Basic Skills",
        "versions" :  [
          "5.2.0",
          "4.2.30"
        ]
      },
	  {
        "name" : "EntityFramework",
        "level": "Basic Skills",
        "versions" :  [
          "6.1.3"
        ]
      },
      {
        "name" : "Prism",
        "level": "Basic Skills",
        "versions" :  [
          "6.1.0"
        ]
      }
    ]
  },
  {
    "name": "JavaScript (Client)" ,
    "level": "Advanced Skills",
    "frameworks": [
      {
        "name" : "jQuery.js",
        "level": "Advanced Skills",
        "versions" :  [
          "2.2.4"
        ]
      },
      {
        "name" : "Angular.js",
        "level": "Basic Skills",
        "versions" :  [
          "1.5.8"
        ]
      },
      {
        "name" : "React.js",
        "level": "Basic Skills",
        "versions" :  [
          "15.3.2"
        ]
      },
      {
        "name" : "Knockout.js",
        "level": "Advanced Skills",
        "versions" :  [
          "3.4.0"
        ]
      }
    ]
  },
  {
    "name": "JavaScript (Node.js)" ,
    "level": "Basic Skills",
    "frameworks": [
      {
        "name": "socket.io",
        "level": "Basic Skills",
        "versions" :  [
          "1.4.8"
        ]
      },
      {
        "name": "express.js",
        "level": "Basic Skills",
        "versions" :  [
          "4.12.4"
        ]
      }
    ]
  },
  {
    "name": "HTML / CSS" ,
    "level": "Advanced Skills",
    "frameworks": [
      {
        "name" : "Bootstrap",
        "level": "Basic Skills",
        "versions" :  [
          "3.3.7"
        ]
      }
    ]
  },
  {
    "name": "PHP" ,
    "level": "Basic Skills",
    "frameworks": [
      {
        "name" : "Symfony",
        "level": "Basic Skills",
        "versions" :  [
          "3.1.2"
        ]
      }
    ]
  }
]
